-- start test data for developing
INSERT INTO
    admin_db.expense_type (description)
VALUES
    ('Прочие расходы'),
    ('Мойка'),
    ('Комплектующие'),
    ('Шиномонтаж'),
    ('Страхование');

INSERT INTO
    admin_db.part_and_service (id, description, type)
VALUES
    (
        206,
        'БАЧОК РАСШИРИТЕЛЬНЫЙ 6Q0121407B 6Q0121407D 6C0121 CGA 10TNK701RA',
        3
    ),
    (104, 'Контактная фишка на доп. помпу', 4),
    (
        203,
        'Резиновая опора амортизатора переднего Febi 09227 -',
        3
    ),
    (118, 'Автобензин АИ-95G', 1),
    (
        123,
        'Заправка кондиционера и замена резинок трубок кондиционера на радиатор',
        2
    ),
    (
        202,
        'Ключ динамометрический 1/2" АвтоДело 0-300Нм шкальный АВТОДЕЛО 40312',
        4
    ),
    (80, 'Мойка машины кузов, коврики', 5),
    (
        177,
        'Баллончик черной краски, очиститель кузова Profoam 5000',
        4
    ),
    (
        89,
        'Патрубок картерных газов подогрева всасываемого воздуха VAG 036121188B',
        3
    ),
    (
        72,
        'VAG KEA700001 брызговик передний комплект',
        6
    ),
    (110, 'Мойка машины, кузов', 5),
    (82, 'Ремонт скола на лобовом стекле', 2),
    (
        220,
        'BIG Filter GB9973C ФИЛЬТР САЛОНА [УГОЛЬНЫЙ]',
        3
    ),
    (
        184,
        'Ремонт колеса, замена грузиков, балансировка, герметик',
        7
    ),
    (
        78,
        'Клипса винт крепеж защиты арок крыльев audi/seat/sco/vw Febi 38699',
        3
    ),
    (
        135,
        'Комплект амортизационной опоры зад. верх. прав/лев KYB sm5377 -',
        3
    ),
    (39, 'Мойка двигателя', 5),
    (66, 'Маркер для CD дисков', 4),
    (
        159,
        'Тормозные колодки передние комплект TRW GDB2108',
        3
    ),
    (190, 'Съемник поводков стеклоочистителя', 4),
    (
        208,
        'Диагностика авто в у официального дилера',
        2
    ),
    (70, 'Мойка машины кузов, 2 коврика', 5),
    (9, 'страхование ОСАГО ВСК', 8),
    (
        12,
        'Автосигнализация Starline S96 v2 ECO BT 2CAN+4LIN 2SIM GSM',
        6
    ),
    (120, 'Мойка машины, кузов, 2 коврика', 5),
    (235, 'Перчатки 3 пары', 4),
    (
        167,
        'Винт самонарез. с внутр. TORX 4,8X22 креп. перед. подкрылка VAG N90651302 - 10 шт',
        3
    ),
    (86, 'Замок Крышки Багажника VAG 5J0827501D', 3),
    (
        125,
        'Колпачок на опору зад. стойки VAG 1J0512135A',
        3
    ),
    (36, 'Удлинители аморт. 28мм Полимер 4015012', 3),
    (
        170,
        'Гайка шестигранная самоконтр., креп. штока стойки к чашке кузова M14X1,50 VAG N90353604 - 2 шт',
        3
    ),
    (
        63,
        'Знак аварийной остановки в пластиковом кейсе',
        4
    ),
    (
        115,
        'VAG 3D0260749CКольцо трубки кондиционера',
        3
    ),
    (
        136,
        'ВИНТ перед. бампер под кронштейн М5х14 TORX VAG N90780904 -',
        3
    ),
    (
        180,
        'Ремонт прокола колеса, саморез, установка заплатки',
        7
    ),
    (103, 'Штраф за превышение скорости', 4),
    (
        148,
        'Винт саморез 5*16 с головкой TORX T25 VAG N90974701 к пистону 6N0809966A - 5 шт.',
        3
    ),
    (19, 'Мойка машины, Гейзер', 5),
    (
        73,
        'Оплата штрафа ГИБДД поворот налево в неположенном месте',
        4
    ),
    (
        185,
        'Коврики в подстаканники и дверные ниши Skoda Fabia 2 2007-2014 комплект 8 деталей',
        6
    ),
    (
        16,
        'Шиномонтаж R14 4 колеса, замена на более лучшие шины',
        7
    ),
    (161, 'Лампочки повортников 2', 3),
    (88, 'Опора Амортизатора KYB SM1708', 3),
    (65, 'Сезонный шиномонтаж', 7),
    (
        199,
        'Оппора аммортизатора Lada Largus 8200876298 комплект',
        3
    ),
    (20, 'Автобензин АИ-95 G', 1),
    (13, 'Паяльник газовый HANDSKIT TOOL 8мл', 4),
    (
        143,
        'Вставка, распорная 4,8X19,6 VAG N90821401 -',
        3
    ),
    (189, 'Ароматизатор Aroma Bar', 4),
    (26, 'Салфетки в рулоне Home Club', 4),
    (67, 'Кейс для CD дисков', 4),
    (222, 'NGK 5960 СВЕЧА ЗАЖИГАНИЯ -', 3),
    (53, 'Мойка машины кузов, коврики, пылесос', 5),
    (48, 'Колпак передней стойки VAG 6R0412359 -', 3),
    (
        113,
        'VAG 4E0260749AКольцо трубки кондиционера',
        3
    ),
    (178, 'Оплата штрафа за не пристегнутый ремень', 4),
    (4, 'Шиномонтаж R14 4 колеса лето', 7),
    (
        105,
        'Насос водяной дополнительный BOSH 392020024',
        6
    ),
    (
        147,
        'Клипсы обивки, шайба резиновая, для креп. защ. зад. пруж. и балки ROMIX C60134 - 8 шт.',
        3
    ),
    (213, 'Держатель для вставоктип A', 4),
    (212, 'Держатель для вставоктип B', 4),
    (55, 'Компрессор автомобильный AVS KE350EL', 4),
    (5, 'Правка дисков R14', 7),
    (62, 'CD-RW Mirex 700Mb 12x slim box', 4),
    (
        230,
        'Полироль для пластика салона матовый 250мл GRASS',
        4
    ),
    (183, 'Пневмобаллоны в пружины AirSpring XSKE', 3),
    (30, 'Промывочная жидкость Spectrol 9603', 3),
    (186, 'Покраска и ремонт заднего бампера', 2),
    (76, 'Адаптер1/4" с 1/4" AVS A40505S', 4),
    (
        122,
        'Ремонт колеса, замена ниппеля, правка диска',
        7
    ),
    (158, 'Кабель USB - USB 50 см', 6),
    (6, 'Пакеты под колеса', 4),
    (
        211,
        'Ремкомплект барабанных колодок TRW SFK211',
        3
    ),
    (
        215,
        'Шина Viatti Brina Nordico V-522 185/70 R14 88T',
        7
    ),
    (
        96,
        'Пружинная шайба маслоотделителяVAG N0122265',
        3
    ),
    (
        106,
        'Габариты OSRAM 2825CBN02B W5W 12V 5W W2.1x9.5d 5000K -',
        3
    ),
    (214, 'Обслуживание задних тормозных колодок', 2),
    (
        99,
        'Кнопка нажимная крепления звукоизоляции капота VAG N90618701',
        3
    ),
    (
        165,
        'Головка торцевая ударная 12 гранная на 36 посад. 1/2 AIRLINE ATIS1249',
        6
    ),
    (27, 'Диск CD-R 700Mb для записи музыки', 4),
    (
        83,
        'Ароматизатор для машины Eikosha H-43 После дождя',
        4
    ),
    (205, 'Сход/развал СТО Классик', 2),
    (224, 'Отвертка крестовая/плоская', 4),
    (
        77,
        'Головка свечная 6гранная 12 16мм, магнитная AVS A40881S',
        4
    ),
    (
        150,
        'Гайка прижимная для креп. защ. зад. пруж. и балки VAG N10433701  - 8 шт.',
        3
    ),
    (
        197,
        'Диагностика ходовой, навесного оборудования и замена ролика натяжителя поликлинового ремня',
        2
    ),
    (219, 'VAG N90813202 БОЛТ МЕТАЛЛИЧЕСКИЙ', 3),
    (119, 'Салфетки HC Optima 20х23см, в рул', 4),
    (33, 'Сливная пробка VAG N90813202', 3),
    (210, 'Комплект тормозных колодок TRW GS8526', 3),
    (
        22,
        'АвтоДело 39355ГОЛОВКА СО ВСТАВКОЙ TORX T5555ММ 1/2',
        4
    ),
    (
        114,
        'VAG 8E0260749CКольцо трубки кондиционера',
        3
    ),
    (
        226,
        'Набор уплотнительных резиновых колец маслобензостойкие 18 размеров 225 штук 3-22мм',
        3
    ),
    (40, 'Мойка кузова', 5),
    (112, 'VAG 7H0820898Кольцо трубки кондиционера', 3),
    (
        195,
        'Саморез крепления заднего подкрылка Auto-gur AGV2',
        3
    ),
    (25, 'Ароматизатор AROMA RICHE Homme Sport №4', 4),
    (218, 'Mann W71252 ФИЛЬТР МАСЛЯНЫЙ', 3),
    (
        171,
        'Винт со скр.цил.гол.,внут.TORX, креп. стойки к поворот. кулаку M12X1,5X80 VAG N90954802 - 2 шт',
        3
    ),
    (
        81,
        'Адаптер для торцевых головок для дрелей, шуруповертов Зубр 27710-H4',
        4
    ),
    (28, 'Фильтр воздушный BIG Filter GB-8001', 3),
    (
        166,
        'Тарелка пружины верхняя VAG 6R0412341Bна перед. стойку',
        3
    ),
    (71, 'VAG KEA720001 брызговик задний комплект', 6),
    (207, 'Мойка автомобиля', 5),
    (191, 'Оплетка на руль, диаметр 38см. Skoda', 4),
    (232, 'Транспортный налог за 2023 год', 8),
    (
        149,
        'БОЛТ М10Х75Х45 крепления нижн. части зад. стойки VAG N90517304 - 4 шт.',
        3
    ),
    (162, 'Ключ для тормозных шлангов 8/10', 4),
    (
        172,
        'Резьбовая втулка, крепления пружины к стойке M14X1,5 VAG 1H0412365A - 2 шт',
        3
    ),
    (
        160,
        'Жидкость тормозная DOT 4, "NIRO Brake Fluid",Totachi 90250',
        3
    ),
    (221, 'BIG Filter GB8001 ФИЛЬТР ВОЗДУШНЫЙ', 3),
    (
        169,
        'Гайка двенадцатигранная ступицы колеса переднего M16X1,5 VAG 6Q0407396B - 2 шт',
        3
    ),
    (
        108,
        'Прокладка маслозаливной крышки VAG 06A103483D',
        3
    ),
    (
        54,
        'Домкрат ромбический с резиновой проставкой 2т. Forcekraft_R',
        4
    ),
    (
        34,
        'Проставки зад полиур. 30мм Полимер 401500130',
        3
    ),
    (
        100,
        'Гайка крепления звукоизоляции капота VAG 4A585390901C',
        3
    ),
    (2, 'Заказ авто отчета Toyota Prius', 4),
    (24, 'Зажигалка BONVIDA турбо', 4),
    (
        193,
        'Защита кромки дверей с металлической вставкой 5 метров',
        6
    ),
    (
        21,
        'Газ универсальный для заправки зажигалок с адаптером, 140мл Kudo KU-H404',
        3
    ),
    (157, 'Одноразовые тряпки', 4),
    (57, 'Преобразователь ржавчины', 3),
    (
        182,
        'Пистон крепления дверной карты MASUMA KE659 - 20 шт.',
        3
    ),
    (
        15,
        'Комплект летних шин Matador Hectorra 3 185/70 R14, 2018 год, в зачет ушли старые шины за 2500',
        6
    ),
    (45, 'Ключ накидной, Thorvik W22123', 4),
    (
        144,
        'преобразователь ржавчины Astrohim AC-467 antiruster 500мл',
        3
    ),
    (
        175,
        'Страхование ОСАГО с 04.07.2024 по 03.07.2025г. Ингосстрах',
        8
    ),
    (107, 'Мойка машины, кузов, коврики, пылесос', 5),
    (
        101,
        'Кольцо уплотнительное маслоотделителя малое VAG 036103677',
        3
    ),
    (
        94,
        'Кольцо уплотнительное маслоотделителя большое VAG N90617501',
        3
    ),
    (
        35,
        'Проставки перед пластик 20мм Полимер 401500220ABS',
        3
    ),
    (102, 'Выплата ОСАГО за ДТП', 2),
    (179, 'Ароматизатор для машины Aroma bar', 4),
    (
        198,
        'СТО самообсдуживания 2 часа аренда места',
        2
    ),
    (
        196,
        'Ролик натяжителя поликлинового ремня Ina 531089110',
        3
    ),
    (176, 'Мойка машины, пылесос, коврики', 5),
    (
        61,
        'Подкраска Skoda Arctic Green 8B8B 9559 F7W LF7W и лак',
        3
    ),
    (116, 'Батарейка для BT метки', 4),
    (60, 'Диагностика ходовки', 2),
    (
        229,
        'Трапеция стеклоочистителя Zikmar Z59548R',
        3
    ),
    (
        209,
        'Цилиндр тормозной рабочий задний барабан TRW BWD113 -',
        3
    ),
    (17, 'Карандаш, грифели, блокнот для заметок', 4),
    (49, 'ЗАГЛУШКА ступицы VAG 1J0501249C -', 3),
    (
        18,
        'Стяжки пружин двухзахватные 230мм, Лапа 74мм, комплект Металл Про',
        4
    ),
    (68, 'Щетка сметка автомобильная со скребком', 4),
    (93, 'Пополнение счета сим-карта StarLine', 4),
    (
        137,
        'ВИНТ перед. бампер решетка радиатора М6х20 TORX VAG N10661002 -',
        3
    ),
    (146, 'Алкотестер Carowell', 4),
    (
        141,
        'Винт самонарез. с внутр. TORX 4,8X19 для креп. защиты зад. пруж. и балки VAG N90569403 -',
        3
    ),
    (
        132,
        'Фиксатор резьбы анаэробный синий 6 мл Felix 411040116',
        3
    ),
    (194, 'Заслонка вытяжки воздуха VAG 6X0819465D', 3),
    (
        133,
        'General Motors 94530507 КЛИПСА ПЛАСТИКОВАЯ',
        4
    ),
    (69, 'Пробники ароматизатора Eikosha', 4),
    (163, 'Ароматизатор с подвеской', 4),
    (
        47,
        'Клипса переднего бампера ОКТ/ФАБ/ЙЕТИ VAG N90359101 -',
        3
    ),
    (59, 'Мойка машины', 5),
    (
        151,
        'Опора переднего аммортизатора верхняя VAG 1J0412319C - 2 шт.',
        3
    ),
    (64, 'Омывайка зимняя', 3),
    (
        142,
        'Винт самонарез. с внутр. TORX ST4,2X16 ZEKKERT BE1227-',
        3
    ),
    (91, 'Проверка подтекания жидкостей', 2),
    (
        111,
        'Лампа ближнего/дальнего света галогенная Koito, 55/60, 12В, LONG LIFE H4',
        3
    ),
    (
        201,
        'Органайзер Эверест для инструмента 60х36см на 13 предметов ткань Оксфорд',
        4
    ),
    (
        128,
        'КЛИПСА ФЕЛИЦИЯ/ОКТ/ФАБ креп. на задний бампер VAG 6N0809966A',
        3
    ),
    (134, 'тряпка микрофибра с брендом Skoda', 4),
    (
        181,
        'Винт со скр.цил.гол.,внут.TORX M6X16 креп. двер. карты VAG N91096701 - 5 шт.',
        3
    ),
    (
        225,
        'Лампочка подсветки номерного знака С5W 12V 5W T10X37 Koito 2256',
        3
    ),
    (109, 'Мойка машины, кузов, коврики', 5),
    (
        11,
        'Лопата туристическая многофункциональная RoadLike RLM01',
        4
    ),
    (95, 'Болт, винт маслоотделителя VAG N10432603', 3),
    (8, 'тех.осмотр Экосмотр, станционная 76а', 8),
    (
        192,
        'Органайзер ящик для хранения с подстаканником для вставки между сидений Skoda',
        6
    ),
    (124, 'Ароматизатор салона гелевый в мешочке', 4),
    (84, 'Мойка машины кузов, 3 коврика', 5),
    (
        140,
        'САМОРЕЗ перед. бампер 5x20 VAG N91090701',
        3
    ),
    (121, 'Шиномонтаж сезонный 4 колеса с мойкой', 7),
    (
        126,
        'ГАЙКА крепления зад. стойки к нижн. рычагу VAG N10295101',
        3
    ),
    (44, 'Бита 10ММ SPLINE М14Х30ММ JTC JTC1363014', 4),
    (97, 'ХОМУТ ШЛАНГА СИСТ. ОХЛ. VAG N90686701', 3),
    (
        129,
        'БОЛТ ШЕСТИГРАН. КОМБИ М10х35 крепления опоры зад. стойки к кузову VAG N90648402',
        3
    ),
    (156, 'Мойка машины + 2 коврика + пылесос', 5),
    (
        98,
        'Кольцо трубки кондиционера  VAG 3D0260749C',
        3
    ),
    (1, 'Покупка отчетов авто ДРОМ', 4),
    (
        174,
        'Замена передних тормозных колодок + тормозная жидкость',
        2
    ),
    (
        234,
        'Грязеотталк. белая смазка д/замков и петель с PTFE RW-52ReinWell 3258',
        3
    ),
    (
        173,
        'Шестигранная гайка с буртиком, креп. стойки к стабилизатору M10X1,5 VAG N90908102 - 2 шт',
        3
    ),
    (
        164,
        'Шестигранная гайка с буртиком, самоконтрящаяся, креп. стойки к кулаку M12X1,5 VAG N10106402 -',
        3
    ),
    (
        216,
        'General Motors 93165556 МАСЛО МОТОРНОЕ СИНТ.GM 5W30 DEXOS2 4Л.',
        3
    ),
    (58, 'Смазка антискрип', 3),
    (187, 'Крючки на подголовники сидений 4 штуки', 6),
    (
        92,
        'Установка автосигнализации Starline S96v2',
        6
    ),
    (152, 'Мойка машины, ополаскивание кузова', 5),
    (
        79,
        'Удлинитель 1/4" 1/4" 150мм Автодело 39763',
        4
    ),
    (
        127,
        'ГАЙКА M10X1 на шток зад. стойки VAG N10304102',
        3
    ),
    (
        153,
        'Пылезащитный комплект зад. аммортизатора KYB 915400',
        3
    ),
    (31, 'ФИЛЬТР МАСЛЯНЫЙ Mann W71252', 3),
    (41, 'Проклейка колеса герметиком', 7),
    (
        46,
        'Саморез заднего подкрылка TORX T25 /16 MM./ FEBI 38699 -',
        3
    ),
    (
        3,
        'Прочие расходы связанные с покупкой автомобиля',
        4
    ),
    (
        233,
        'Щетка стеклоочистителя бескаркасная 21" /530MM АДА Ween 1007021 -',
        3
    ),
    (74, 'Масло General Motors Dexos2 5W3093165556', 3),
    (
        223,
        'Liqui Moly 3381 СМАЗКА Д/МОНТАЖА ФОРСУНОК И СВЕЧЕЙ',
        3
    ),
    (
        32,
        'МАСЛО МОТОРНОЕ СИНТ.GM 5W30 DEXOS2 4Л. General Motors 93165556',
        3
    ),
    (
        117,
        'Стойки аммортизатора задние Ultra SR KYB 353025',
        3
    ),
    (154, 'Кабель USB Type-C 50 см, 25 см', 6),
    (231, 'Аренда места в боксе на 5 часов', 2),
    (
        23,
        'Оплата штрафа ГИБДД за превышение скорости на 20-40 км/ч',
        4
    ),
    (155, 'Мойка машины + 2 коврика', 5),
    (
        168,
        'Винт саморез 5*16 с головкой TORX T25 креп. перед./зад. подкрылка VAG N90974701 - 20 шт',
        3
    ),
    (188, 'Заклепка распорная5 шт.', 3),
    (
        75,
        'Мойка кузов, коврики, установка задних брызговиков',
        5
    ),
    (90, 'FEBI фиолетовый концентрат G12++ 37401', 3),
    (
        138,
        'КЛИПСА распорная ПЕРЕД. БАМП. решетка радиатора ОКТ/ФАБ/ЙЕТИ VAG N90359101 -',
        3
    ),
    (
        131,
        'Адаптер для вставок бит 1/4 SDR 1/4 HDR Jonnesway S44H2206',
        3
    ),
    (
        139,
        'Комплект Верхней Опоры от аммортизатора к кузову KYB sm9704 -',
        3
    ),
    (10, 'гос. пошлина за регистрацию ТС ГИБДД', 8),
    (42, 'ШЕСТИГРАННИК 7 АВТОДЕЛО 30327', 4),
    (204, 'СТО самообсдуживания 1 час аренда места', 2),
    (145, 'подлокотник skoda fabia Китай', 6),
    (
        50,
        'Лампа дневного ходового света NARVA 17635 P21W 12V21W БЕЛАЯ 176353000 - 2 шт.',
        3
    ),
    (56, 'Мойка машины кузов', 5),
    (
        228,
        'Шланг системы охлаждения на печкуAslyx AS601586',
        3
    ),
    (
        85,
        'Передние стойки аммортизатора Ultra SR KYB 324702',
        3
    ),
    (7, 'Автобензин АИ-95', 1),
    (
        14,
        'Коврик в багажник ELEMENT NLC.45.06.B12 черный',
        6
    ),
    (52, 'Коврики в салон Format.45.06.210.kh', 6),
    (
        87,
        'Пылезащитный комплект Отбойник амортизатора KYB 910088',
        3
    ),
    (
        130,
        'Удлинители штока зад. амортизаторов SKODA металл 28мм под проставки Полимер 4015012',
        3
    ),
    (
        227,
        'Лампа накаливания" Long-life Daytime W5W" 12В 5Вт Bosch 1987301052 в компл. -',
        3
    ),
    (
        37,
        'Габариты ЛАМПА НАКАЛИВАНИЯ 12V W5W W2.1Х9.5D SVS 0200013000 -',
        3
    ),
    (43, 'КЛЮЧ РОЖКОВЫЙ 16X18 ММ Patron P7541618', 4),
    (
        29,
        'Фильтр салона угольный BIG Filter GB-9973/C',
        3
    ),
    (51, 'Проводка для круиз контроля', 6),
    (
        217,
        'МАСЛО ПРОМЫВОЧНОЕ SPECTROL CLENER 3,5Л 9603',
        3
    ),
    (
        38,
        'Шины зимние шипованные 185/70 R14 88T Viatti Brina Nordico V-522 2023 год',
        6
    ),
    (200, 'Тряпки одноразовые', 4);

INSERT INTO
    admin_db.spending (
        date,
        part_and_service_id,
        description,
        count,
        amount
    )
VALUES
    ('2023-06-23', 1, NULL, 10, 1250),
    ('2023-06-26', 2, NULL, 1, 4000),
    ('2023-06-26', 1, NULL, 10, 1250),
    ('2023-06-28', 3, NULL, 1, 2081.5),
    ('2023-06-29', 4, NULL, 1, 1500),
    ('2023-06-29', 5, NULL, 2, 2000),
    ('2023-06-29', 6, NULL, 4, 100),
    ('2023-06-29', 7, NULL, 30, 1519.5),
    ('2023-06-30', 8, NULL, 1, 1500),
    ('2023-06-30', 9, NULL, 1, 8969),
    ('2023-06-30', 10, NULL, 1, 1300),
    ('2023-07-03', 11, NULL, 1, 2317),
    ('2023-07-03', 12, NULL, 1, 14621),
    ('2023-07-03', 13, NULL, 1, 976),
    ('2023-07-03', 14, NULL, 1, 1126),
    (
        '2023-07-05',
        15,
        'б/у 1 жгут, 1 заплатка, залом внутренних кромок бортов',
        4,
        10500
    ),
    ('2023-07-05', 16, NULL, 1, 1300),
    ('2023-07-07', 7, NULL, 30, 1521),
    ('2023-07-07', 17, NULL, 1, 220),
    ('2023-07-10', 18, NULL, 2, 424),
    ('2023-07-11', 7, NULL, 20, 1005),
    ('2023-07-12', 19, 'пылесос + кузов', 1, 150),
    ('2023-07-17', 20, NULL, 30, 1549.5),
    ('2023-07-17', 21, NULL, 1, 128),
    ('2023-07-18', 22, NULL, 1, 111.9),
    ('2023-07-19', 23, NULL, 1, 251.7),
    (
        '2023-07-20',
        19,
        'пылесос, кузов, коврики',
        1,
        150
    ),
    ('2023-07-26', 24, NULL, 1, 100),
    ('2023-07-26', 25, NULL, 1, 230),
    ('2023-07-26', 26, NULL, 150, 160),
    ('2023-07-26', 23, NULL, 1, 251.2),
    ('2023-07-26', 27, NULL, 1, 50),
    ('2023-07-27', 7, NULL, 25, 1286.2),
    ('2023-07-31', 7, NULL, 30, 1479),
    ('2023-07-31', 19, 'пылесос, кузов', 1, 100),
    ('2023-08-01', 28, NULL, 1, 676),
    ('2023-08-01', 29, NULL, 1, 628),
    ('2023-08-01', 30, NULL, 1, 509),
    ('2023-08-01', 31, NULL, 1, 508),
    ('2023-08-01', 32, NULL, 1, 3203),
    ('2023-08-01', 33, NULL, 1, 290),
    ('2023-08-01', 34, NULL, 1, 1745),
    ('2023-08-01', 35, NULL, 1, 1187),
    ('2023-08-01', 36, NULL, 1, 1187),
    ('2023-08-01', 37, NULL, 4, 52),
    ('2023-08-02', 23, NULL, 1, 251.2),
    ('2023-08-02', 38, NULL, 4, 15800),
    ('2023-08-03', 7, NULL, 30, 1531.5),
    ('2023-08-03', 39, NULL, 1, 500),
    ('2023-08-03', 40, NULL, 1, 300),
    ('2023-08-04', 41, NULL, 1, 475),
    ('2023-08-07', 42, NULL, 1, 29),
    ('2023-08-07', 43, NULL, 1, 127),
    ('2023-08-07', 44, NULL, 1, 149.1),
    ('2023-08-07', 45, NULL, 1, 360.3),
    ('2023-08-07', 46, NULL, 4, 164),
    ('2023-08-07', 47, NULL, 3, 180),
    ('2023-08-07', 48, NULL, 2, 582),
    ('2023-08-07', 49, NULL, 2, 680),
    ('2023-08-08', 50, NULL, 1, 108.2),
    ('2023-08-09', 51, NULL, 1, 1964),
    ('2023-08-10', 7, NULL, 25, 1281.2),
    ('2023-08-14', 52, NULL, 1, 2723),
    ('2023-08-17', 7, NULL, 30, 1561.5),
    ('2023-08-19', 7, NULL, 25, 1298.8),
    ('2023-08-20', 53, NULL, 1, 200),
    ('2023-08-20', 54, NULL, 1, 1330),
    ('2023-08-21', 55, NULL, 1, 2748),
    ('2023-08-22', 7, NULL, 25, 1301.2),
    ('2023-08-26', 7, NULL, 30, 1561.5),
    ('2023-08-29', 23, NULL, 1, 251.2),
    ('2023-08-31', 56, NULL, 1, 100),
    ('2023-09-08', 7, NULL, 25, 1283.8),
    ('2023-09-10', 57, NULL, 1, 248),
    ('2023-09-14', 58, NULL, 1, 337),
    ('2023-09-15', 59, 'кузов + 2 коврика', 1, 100),
    ('2023-09-15', 23, NULL, 1, 251.2),
    ('2023-09-15', 60, NULL, 1, 600),
    ('2023-09-16', 7, NULL, 20, 1042),
    ('2023-09-18', 7, NULL, 30, 1555.5),
    ('2023-09-19', 61, NULL, 1, 790),
    ('2023-09-26', 20, NULL, 30, 1591.5),
    ('2023-09-30', 62, NULL, 3, 358),
    ('2023-10-01', 59, 'кузов + коврики', 1, 200),
    ('2023-10-05', 7, NULL, 30, 1549.5),
    ('2023-10-12', 63, NULL, 1, 374),
    ('2023-10-16', 7, NULL, 30, 1549.5),
    ('2023-10-17', 64, NULL, 5, 250),
    ('2023-10-17', 59, 'кузов + коврик', 1, 150),
    ('2023-10-25', 65, NULL, 1, 1300),
    ('2023-10-27', 7, NULL, 30, 1549.5),
    (
        '2023-10-28',
        59,
        'кузов + коврик + пылесос',
        1,
        200
    ),
    ('2023-11-02', 56, NULL, 1, 50),
    ('2023-11-02', 7, NULL, 30, 1557),
    ('2023-11-03', 66, NULL, 1, 136),
    ('2023-11-03', 67, NULL, 1, 255),
    ('2023-11-03', 68, NULL, 1, 321.3),
    ('2023-11-03', 69, NULL, 10, 432.2),
    ('2023-11-06', 70, NULL, 1, 50),
    ('2023-11-06', 71, NULL, 1, 1579),
    ('2023-11-06', 72, NULL, 1, 3175.2),
    ('2023-11-07', 73, NULL, 1, 502.5),
    ('2023-11-09', 74, NULL, 4, 2079),
    ('2023-11-14', 75, NULL, 1, 250),
    ('2023-11-14', 7, NULL, 30, 1549.5),
    (
        '2023-11-14',
        76,
        'переходник) для бит (вставок',
        1,
        60
    ),
    ('2023-11-14', 77, NULL, 1, 249),
    ('2023-11-14', 78, NULL, 10, 363),
    ('2023-11-14', 79, NULL, 1, 77),
    ('2023-11-19', 80, NULL, 1, 150),
    ('2023-11-20', 81, NULL, 1, 546),
    ('2023-11-21', 56, NULL, 1, 100),
    ('2023-11-22', 82, NULL, 1, 700),
    ('2023-11-23', 7, NULL, 25, 1291.2),
    ('2023-11-25', 56, NULL, 1, 50),
    ('2023-11-27', 83, NULL, 1, 923),
    ('2023-11-30', 7, NULL, 30, 1543.5),
    ('2023-12-03', 84, NULL, 1, 150),
    ('2023-12-06', 85, NULL, 2, 10727),
    ('2023-12-07', 7, NULL, 30, 1506),
    ('2023-12-08', 7, NULL, 30, 1543.5),
    ('2023-12-14', 86, NULL, 1, 4135),
    ('2023-12-14', 87, NULL, 2, 1502),
    ('2023-12-14', 88, NULL, 2, 1620),
    ('2023-12-14', 89, NULL, 1, 1969),
    ('2023-12-14', 90, NULL, 5, 2550),
    ('2023-12-15', 91, NULL, 1, 500),
    ('2023-12-15', 92, NULL, 1, 13000),
    ('2023-12-15', 93, NULL, 1, 150),
    ('2023-12-18', 94, NULL, 1, 104.8),
    ('2023-12-18', 95, NULL, 3, 298.9),
    ('2023-12-18', 96, NULL, 3, 183.8),
    ('2023-12-18', 97, NULL, 2, 194.3),
    ('2023-12-18', 98, NULL, 2, 478.2),
    ('2023-12-18', 99, NULL, 3, 420),
    ('2023-12-18', 100, NULL, 3, 261),
    ('2023-12-18', 101, NULL, 1, 360),
    ('2023-12-20', 7, NULL, 30, 1519.5),
    ('2023-12-22', 102, NULL, 1, 23603.3),
    ('2023-12-25', 7, NULL, 15, 769.5),
    ('2023-12-30', 80, NULL, 1, 200),
    ('2023-12-31', 7, NULL, 19, 999.9),
    ('2024-01-04', 7, NULL, 30, 1575),
    ('2024-01-16', 7, NULL, 30, 1571),
    ('2024-01-17', 103, NULL, 1, 250),
    ('2024-01-24', 104, 'не подошла', 1, 400),
    ('2024-01-27', 105, NULL, 1, 4845),
    ('2024-01-27', 31, NULL, 1, 447),
    ('2024-01-27', 106, NULL, 2, 668),
    ('2024-01-28', 107, NULL, 1, 200),
    ('2024-01-29', 7, NULL, 30, 1540.5),
    ('2024-02-14', 7, NULL, 30, 1570.5),
    ('2024-02-26', 108, NULL, 1, 608.9),
    ('2024-02-28', 109, NULL, 1, 200),
    ('2024-02-29', 7, NULL, 30, 1570.5),
    ('2024-03-11', 7, NULL, 30, 1570.5),
    ('2024-03-21', 110, NULL, 1, 150),
    ('2024-03-24', 7, NULL, 30, 1558.5),
    ('2024-03-30', 107, NULL, 1, 200),
    ('2024-03-30', 111, '0477', 2, 900),
    ('2024-04-02', 112, NULL, 3, 660),
    ('2024-04-02', 113, NULL, 3, 292.3),
    ('2024-04-02', 114, NULL, 3, 712.9),
    ('2024-04-02', 115, NULL, 1, 245.8),
    ('2024-04-07', 110, NULL, 1, 150),
    ('2024-04-07', 116, NULL, 1, 106),
    ('2024-04-07', 117, NULL, 2, 10950),
    ('2024-04-09', 118, NULL, 30, 1618.5),
    ('2024-04-17', 119, NULL, 150, 170),
    ('2024-04-18', 110, NULL, 1, 100),
    ('2024-04-25', 120, NULL, 1, 150),
    ('2024-04-25', 7, NULL, 30, 1585.5),
    ('2024-04-25', 121, NULL, 1, 1440),
    ('2024-04-29', 7, NULL, 9.5, 499.6),
    ('2024-04-29', 122, NULL, 1, 1400),
    ('2024-05-07', 7, NULL, 30, 1585.5),
    ('2024-05-07', 107, NULL, 1, 200),
    ('2024-05-07', 123, NULL, 1, 2600),
    ('2024-05-07', 124, NULL, 1, 250),
    ('2024-05-13', 109, NULL, 1, 150),
    ('2024-05-14', 7, NULL, 30, 1585.5),
    ('2024-05-15', 125, NULL, 2, 243.5),
    ('2024-05-15', 126, 'круп. резьба', 2, 205.2),
    ('2024-05-15', 127, 'мелк. резьба', 2, 293.7),
    ('2024-05-15', 128, NULL, 5, 143.9),
    ('2024-05-15', 129, NULL, 6, 302.6),
    ('2024-05-15', 130, NULL, 2, 1411.1),
    ('2024-05-19', 131, NULL, 1, 156.5),
    ('2024-05-19', 132, NULL, 1, 127.9),
    ('2024-05-19', 133, NULL, 5, 210.3),
    ('2024-05-19', 134, NULL, 1, 322),
    ('2024-05-22', 135, NULL, 2, 1608.8),
    ('2024-05-22', 136, NULL, 6, 287.8),
    ('2024-05-22', 137, NULL, 4, 349.3),
    ('2024-05-22', 138, NULL, 4, 227.3),
    ('2024-05-22', 139, NULL, 2, 2660),
    ('2024-05-26', 59, NULL, 1, 150),
    ('2024-05-26', 140, NULL, 3, 155),
    ('2024-05-26', 141, NULL, 8, 200),
    ('2024-05-26', 142, 'кросс VAG N90698601', 10, 160),
    ('2024-05-26', 143, NULL, 5, 185),
    ('2024-05-26', 144, NULL, 1, 284),
    ('2024-05-28', 145, NULL, 1, 3011),
    ('2024-05-28', 146, NULL, 1, 1281),
    ('2024-06-01', 7, NULL, 30, 1617),
    ('2024-06-07', 147, NULL, 1, 336),
    ('2024-06-07', 148, NULL, 1, 265),
    ('2024-06-07', 149, NULL, 1, 937.3),
    ('2024-06-07', 150, NULL, 1, 368),
    ('2024-06-07', 151, NULL, 1, 2299),
    ('2024-06-07', 152, NULL, 1, 100),
    ('2024-06-07', 153, '2 шт. комплект', 1, 1309),
    ('2024-06-07', 154, NULL, 1, 691),
    ('2024-06-10', 7, NULL, 35, 1886.5),
    ('2024-06-12', 155, NULL, 1, 150),
    ('2024-06-15', 156, NULL, 1, 190),
    ('2024-06-15', 157, NULL, 70, 130),
    ('2024-06-16', 7, NULL, 30, 1615.5),
    ('2024-06-16', 158, NULL, 1, 390),
    ('2024-06-25', 7, NULL, 30, 1621.5),
    ('2024-06-26', 159, NULL, 1, 2821),
    ('2024-06-26', 160, NULL, 0.5, 300),
    ('2024-06-27', 155, NULL, 1, 150),
    ('2024-06-27', 161, NULL, 1, 120),
    ('2024-06-27', 162, NULL, 1, 130),
    ('2024-06-27', 163, NULL, 1, 550),
    ('2024-06-28', 93, NULL, 1, 150),
    ('2024-06-28', 7, NULL, 20, 1096),
    ('2024-06-29', 164, NULL, 2, 286),
    ('2024-06-29', 165, NULL, 1, 476),
    (
        '2024-06-29',
        166,
        'возможный аналог VAG 6R0412341A',
        1,
        2940
    ),
    ('2024-06-29', 167, NULL, 1, 690),
    ('2024-06-29', 168, NULL, 1, 1060),
    ('2024-06-29', 169, NULL, 1, 1364),
    ('2024-06-29', 170, NULL, 1, 406),
    ('2024-06-29', 171, NULL, 1, 862),
    ('2024-06-29', 172, NULL, 1, 636),
    ('2024-06-29', 173, NULL, 1, 792),
    ('2024-06-29', 174, NULL, 1, 1800),
    ('2024-07-01', 175, NULL, 1, 6533.6),
    ('2024-07-01', 103, NULL, 1, 252.5),
    ('2024-07-02', 176, NULL, 1, 250),
    ('2024-07-07', 7, NULL, 30, 1665),
    ('2024-07-11', 59, NULL, 1, 200),
    ('2024-07-11', 177, NULL, 1, 700),
    ('2024-07-12', 7, NULL, 20, 1104),
    ('2024-07-17', 176, NULL, 1, 150),
    ('2024-07-21', 178, NULL, 1, 500),
    ('2024-07-22', 179, NULL, 1, 300),
    ('2024-07-24', 7, NULL, 35, 1956.5),
    ('2024-07-27', 180, 'переднее левое', 1, 750),
    (
        '2024-07-30',
        59,
        'кузов, пена, коврики, пылесос, антибитум',
        1,
        250
    ),
    ('2024-07-30', 181, NULL, 1, 250),
    ('2024-07-30', 182, NULL, 1, 440),
    (
        '2024-07-30',
        183,
        '75*150mm) XAS-XSKE комплект (2 шт.',
        1,
        3760
    ),
    ('2024-08-01', 7, NULL, 30, 1645.5),
    ('2024-08-02', 184, 'правое заднее', 1, 650),
    ('2024-08-05', 185, NULL, 1, 472),
    ('2024-08-10', 56, NULL, 1, 100),
    ('2024-08-10', 7, NULL, 30, 1663.5),
    ('2024-08-12', 176, NULL, 1, 150),
    ('2024-08-13', 56, NULL, 1, 100),
    ('2024-08-16', 186, NULL, 1, 20000),
    ('2024-08-16', 187, NULL, 1, 257),
    (
        '2024-08-16',
        188,
        'клипса) 6x15мм Febi 101000 крепления заднего бампера (низ',
        1,
        290
    ),
    ('2024-08-19', 103, NULL, 1, 250),
    ('2024-08-19', 189, NULL, 1, 300),
    ('2024-08-20', 7, NULL, 26, 1445.6),
    ('2024-08-23', 7, NULL, 35, 1849.8),
    ('2024-08-25', 80, NULL, 1, 200),
    ('2024-08-25', 190, NULL, 1, 416),
    ('2024-08-25', 191, NULL, 1, 932),
    ('2024-08-25', 192, NULL, 1, 1107),
    ('2024-08-25', 193, NULL, 1, 342),
    ('2024-08-25', 194, NULL, 1, 3463),
    ('2024-08-25', 195, NULL, 6, 330),
    ('2024-08-25', 196, NULL, 1, 1200),
    ('2024-08-25', 197, NULL, 1, 2000),
    ('2024-08-25', 56, NULL, 1, 100),
    ('2024-08-30', 198, NULL, 1, 675),
    ('2024-09-02', 199, NULL, 2, 801),
    ('2024-09-03', 7, NULL, 30, 1651.5),
    ('2024-09-06', 200, NULL, 1, 70),
    ('2024-09-06', 201, NULL, 1, 465),
    ('2024-09-06', 202, NULL, 1, 1001),
    ('2024-09-06', 203, NULL, 2, 2128),
    ('2024-09-07', 204, NULL, 1, 375),
    ('2024-09-07', 205, NULL, 1, 1000),
    ('2024-09-07', 206, NULL, 1, 1451),
    ('2024-09-22', 207, NULL, 1, 250),
    ('2024-09-22', 208, NULL, 1, 999),
    ('2024-09-22', 7, NULL, 30, 1648.5),
    ('2024-09-22', 209, NULL, 2, 1771),
    ('2024-09-22', 210, NULL, 1, 2057),
    ('2024-09-22', 211, NULL, 1, 992),
    ('2024-09-22', 201, NULL, 1, 465),
    ('2024-09-24', 212, 'головок', 1, 235),
    ('2024-09-24', 213, 'головок', 1, 291),
    ('2024-10-02', 207, NULL, 1, 100),
    ('2024-10-03', 214, NULL, 1, 2000),
    ('2024-10-05', 7, NULL, 30, 1677.6),
    (
        '2024-10-10',
        207,
        'кузов, пылесос, коврики + багажник',
        1,
        200
    ),
    ('2024-10-10', 65, NULL, 1, 1730),
    ('2024-10-10', 215, NULL, 1, 5330),
    ('2024-10-12', 7, NULL, 25, 1385.5),
    ('2024-10-15', 7, NULL, 30, 1662.6),
    ('2024-10-16', 216, NULL, 1, 3306.2),
    ('2024-10-16', 217, NULL, 1, 543.2),
    ('2024-10-16', 218, NULL, 1, 672.3),
    ('2024-10-16', 219, NULL, 1, 168.3),
    ('2024-10-16', 220, NULL, 1, 723.2),
    ('2024-10-16', 221, NULL, 1, 804.4),
    ('2024-10-21', 7, NULL, 35, 1915.2),
    ('2024-10-23', 59, 'ополаскивание', 1, 100),
    ('2024-10-26', 7, NULL, 7, 385.9),
    ('2024-10-27', 118, NULL, 30, 1737),
    ('2024-10-27', 59, '2 коврика, пена', 1, 200),
    ('2024-10-30', 7, NULL, 30, 1686.9),
    ('2024-11-05', 7, NULL, 35, 1952),
    ('2024-11-06', 59, '2 раза пена', 1, 250),
    ('2024-11-06', 222, NULL, 4, 2415),
    ('2024-11-06', 223, NULL, 1, 772),
    ('2024-11-06', 224, NULL, 1, 170),
    ('2024-11-14', 7, NULL, 30, 1676.4),
    ('2024-11-14', 225, NULL, 1, 92),
    ('2024-11-14', 226, NULL, 1, 384),
    ('2024-11-14', 227, NULL, 2, 287.8),
    ('2024-11-14', 228, 'подача и обратка', 1, 880.5),
    ('2024-11-14', 229, NULL, 1, 1816.7),
    ('2024-11-14', 230, NULL, 1, 350),
    ('2024-11-14', 231, NULL, 1, 1400),
    ('2024-11-14', 56, NULL, 1, 150),
    ('2024-11-20', 232, NULL, 1, 430),
    (
        '2024-11-20',
        233,
        'не подходит по креплению, нужно с кнопкой',
        2,
        1372.7
    ),
    ('2024-11-20', 234, '0,5л', 0.5, 268.6),
    ('2024-11-21', 235, NULL, 1, 120);